aphia_id,scientific_name,family,common_name
140605,Octopus vulgaris,Octopodidae,common Atlantic octopus
140600,Eledone cirrhosa,Eledonidae,curled octopus
342036,Octopus tetricus,Octopodidae,gloomy octopus
342305,Enteroctopus dofleini,Enteroctopodidae,Giant North Pacific octopus
210788,Octopus cyanea,Octopodidae,big blue octopus
342023,Octopus rubescens,Octopodidae,East Pacific red octopus
341952,Octopus bimaculoides,Octopodidae,California two-spot octopus
342381,Pinnoctopus cordiformis,Octopodidae,
457762,Octopus insularis,Octopodidae,Brazil reef octopus
157011,Bathypolypus bairdii,Bathypolypodidae,spoonarm octopus
140596,Bathypolypus arcticus,Bathypolypodidae,Arctic deepsea octopus
140601,Eledone moschata,Eledonidae,musky octopus
239392,Pareledone charcoti,Megaleledonidae,
535784,Enteroctopus magnificus,Enteroctopodidae,
535605,Macroctopus maorum,Octopodidae,Maori octopus
341954,Octopus briareus,Octopodidae,Caribbean reef octopus
342334,Hapalochlaena maculosa,Octopodidae,blue-ringed octopus
325319,Adelieledone polymorpha,Megaleledonidae,
1043781,Muusoctopus leioderma,Enteroctopodidae,
1805270,Pinnoctopus macropus,Octopodidae,
140598,Bathypolypus sponsalis,Bathypolypodidae,globose octopus
534099,Amphioctopus marginatus,Octopodidae,
527142,Muusoctopus longibrachus akambei,Enteroctopodidae,
138849,Japetella diaphana,Amphitretidae,Diaphanous pelagic octopod
535623,Amphioctopus exannulatus,Octopodidae,
342015,Octopus pallidus,Octopodidae,pale octopus
341985,Octopus joubini,Octopodidae,dwarf octopus
342010,Octopus oculifer,Octopodidae,reef octopus
138803,Argonauta argo,Argonautidae,common paper nautilus
140607,Scaeurgus unicirrhus,Octopodidae,Atlantic warty octopus
1530663,Argonauta nodosus,Argonautidae,
1561957,Octopus djinda,Octopodidae,
342332,Hapalochlaena fasciata,Octopodidae,blue-lined octopus
341950,Octopus berrima,Octopodidae,
341781,Haliphron atlanticus,Alloposidae,Seven-arm octopus
140606,Pteroctopus tetracirrhus,Octopodidae,Atlantic fourhorn octopus
342212,Cirroteuthis muelleri,Cirroteuthidae,cirrate octopus
325325,Pareledone aequipapillae,Megaleledonidae,
140604,Octopus salutii,Octopodidae,spider octopus
534733,Amphioctopus fangsiao,Octopodidae,gold-spot octopus
325336,Pareledone felix,Megaleledonidae,
457573,Wunderpus photogenicus,Octopodidae,
342307,Enteroctopus megalocyathus,Enteroctopodidae,
325329,Pareledone cornuta,Megaleledonidae,
325324,Megaleledone setebos,Megaleledonidae,
342333,Hapalochlaena lunulata,Octopodidae,
534443,Octopus sinensis,Octopodidae,
749548,Octopus americanus,Octopodidae,
342403,Thaumoctopus mimicus,Octopodidae,
410340,Bolitaena pygmaea,Amphitretidae,
341948,Octopus australis,Octopodidae,
534126,Macrotritopus defilippi,Octopodidae,
1805272,Pinnoctopus ornatus,Octopodidae,
140610,Ocythoe tuberculata,Ocythoidae,
215276,Argonauta hians,Argonautidae,
342002,Octopus minor,Octopodidae,
325327,Pareledone aurata,Megaleledonidae,
141694,Tremoctopus violaceus,Tremoctopodidae,
342222,Graneledone boreopacifica,Megaleledonidae,
341983,Octopus hubbsorum,Octopodidae,
341951,Octopus bimaculatus,Octopodidae,
342227,Graneledone yamana,Megaleledonidae,
527127,Muusoctopus eureka,Enteroctopodidae,
342385,Robsonella huttoni,Octopodidae,
341988,Octopus kaurna,Octopodidae,
420653,Amphioctopus burryi,Octopodidae,
239393,Pareledone turqueti,Megaleledonidae,
1805275,Pinnoctopus dierythraeus,Octopodidae,
1805274,Pinnoctopus aspilosomatis,Octopodidae,
1765489,Exsuperoteuthis persephone,Opisthoteuthidae,
342226,Graneledone taniwha,Megaleledonidae,
157019,Graneledone verrucosa,Megaleledonidae,
342000,Octopus micropyrsus,Octopodidae,
1813559,Insigniteuthis albatrossi,Opisthoteuthidae,
342270,Ameloctopus litoralis,Octopodidae,
342384,Robsonella fontaniana,Octopodidae,
325326,Pareledone albimaculata,Megaleledonidae,
534097,Amphioctopus aegina,Octopodidae,
534130,Paroctopus digueti,Octopodidae,
341984,Octopus hummelincki,Octopodidae,
341987,Octopus kaharoa,Octopodidae,
325315,Cirroctopus glacialis,Cirroctopodidae,
341786,Argonauta nouryi,Argonautidae,
141962,Vitreledonella richardi,Amphitretidae,
341937,Eledone palari,Eledonidae,
153122,Stauroteuthis syrtensis,Stauroteuthidae,
341953,Octopus bocki,Octopodidae,
342098,Opisthoteuthis mero,Opisthoteuthidae,
341910,Bathypolypus valdiviae,Bathypolypodidae,
140652,Opisthoteuthis agassizii,Opisthoteuthidae,
342032,Octopus tehuelchus,Octopodidae,
534424,Enteroctopus zealandicus,Enteroctopodidae,
342045,Octopus warringa,Octopodidae,
409949,Abdopus aculeatus,Octopodidae,
342011,Octopus oliveri,Octopodidae,
325335,Pareledone subtilis,Megaleledonidae,
341973,Octopus fitchi,Octopodidae,
325331,Pareledone harrissoni,Megaleledonidae,
527162,Muusoctopus rigbyae,Enteroctopodidae,
535841,Amphioctopus mototi,Octopodidae,
387695,Opisthoteuthis hardyi,Opisthoteuthidae,
1813557,Insigniteuthis calypso,Opisthoteuthidae,
325333,Pareledone prydzensis,Megaleledonidae,
534100,Abdopus abaculus,Octopodidae,
1438204,Robsonella mernoo,Octopodidae,
410335,Amphitretus thielei,Amphitretidae,
325322,Graneledone antarctica,Megaleledonidae,
527149,Muusoctopus januarii,Enteroctopodidae,
325332,Pareledone panchroma,Megaleledonidae,
342272,Amphitretus pelagicus,Amphitretidae,
325334,Pareledone serperastrata,Megaleledonidae,
342223,Graneledone challengeri,Megaleledonidae,
341990,Octopus laqueus,Octopodidae,
1438202,Robsonella campbelli,Octopodidae,
341790,Japetella heathi,Amphitretidae,
237820,Tremoctopus gracilis,Tremoctopodidae,
420654,Pteroctopus schmidti,Octopodidae,
341958,Octopus californicus,Octopodidae,
535845,Callistoctopus nocturnus,Octopodidae,
599403,Tremoctopus robsonianus,Tremoctopodidae,
153084,Grimpoteuthis discoveryi,Grimpoteuthidae,
325340,Thaumeledone peninsulae,Megaleledonidae,
181387,Bathypolypus pugniger,Bathypolypodidae,
341963,Octopus conispadiceus,Octopodidae,
342101,Opisthoteuthis pluto,Opisthoteuthidae,
341962,Octopus chierchiae,Octopodidae,
220324,Cistopus indicus,Octopodidae,
139174,Cirrothauma murrayi,Cirroteuthidae,
342331,Grimpella thaumastocheir,Octopodidae,
534425,Macrochlaena winckworthi,Octopodidae,
153060,Opisthoteuthis massyae,Opisthoteuthidae,
342309,Euaxoctopus panamensis,Octopodidae,
342400,Tetracheledone spinicirrhus,Megaleledonidae,
342271,Amphioctopus arenicola,Octopodidae,
535625,Abdopus horridus,Octopodidae,
534111,Callistoctopus bunurong,Octopodidae,
342001,Octopus mimus,Octopodidae,
534587,Graneledone pacifica,Megaleledonidae,
342051,Pteroctopus hoylei,Octopodidae,
1775208,Vulcanoctopus tangaroa,Enteroctopodidae,
341942,Octopus alecto,Octopodidae,
534524,Callistoctopus taprobanensis,Octopodidae,
535780,Callistoctopus luteus,Octopodidae,
342259,Cirroctopus hochbergi,Cirroctopodidae,
342261,Thaumeledone brevis,Megaleledonidae,
866595,Cistopus platinoidus,Octopodidae,
341945,Octopus arborescens,Octopodidae,
342049,Octopus zonatus,Octopodidae,
342042,Octopus veligero,Octopodidae,
534527,Amphioctopus siamensis,Octopodidae,
342224,Graneledone gonzalezi,Megaleledonidae,
342209,Tremoctopus gelatus,Tremoctopodidae,
1805273,Pinnoctopus alpheus,Octopodidae,
342044,Octopus vitiensis,Octopodidae,
342093,Opisthoteuthis chathamensis,Opisthoteuthidae,
342020,Octopus prashadi,Octopodidae,
1775210,Vulcanoctopus tegginmathae,Enteroctopodidae,
534098,Amphioctopus kagoshimensis,Octopodidae,
535830,Amphioctopus membranaceus,Octopodidae,
325317,Adelieledone adelieana,Megaleledonidae,
342007,Octopus occidentalis,Octopodidae,
410363,Grimpoteuthis innominata,Grimpoteuthidae,
325330,Pareledone framensis,Megaleledonidae,
527167,Muusoctopus yaquinae,Enteroctopodidae,
457973,Galeoctopus lateralis,Octopodidae,
342266,Luteuthis dentatus,Grimpoteuthidae,
342047,Octopus wolfi,Octopodidae,
457616,Octopus humilis,Octopodidae,
325338,Praealtus paralbida,Megaleledonidae,
342264,Thaumeledone zeiss,Megaleledonidae,
1765490,Exsuperoteuthis depressa,Opisthoteuthidae,
534534,Macrotritopus scorpio,Octopodidae,
534567,Amphioctopus rex,Octopodidae,
342258,Cirroctopus antarcticus,Cirroctopodidae,
342398,Teretoctopus alcocki,Octopodidae,
341977,Octopus globosus,Octopodidae,
457975,Histoctopus zipkasae,Octopodidae,
1438201,Graneledone kubodera,Megaleledonidae,
534105,Octopus argus,Octopodidae,
457617,Octopus mariles,Octopodidae,
527153,Muusoctopus hokkaidensis,Enteroctopodidae,
1805277,Pinnoctopus graptus,Octopodidae,
724068,Pinnoctopus kermadecensis,Octopodidae,
341934,Eledone gaucha,Eledonidae,
342016,Octopus parvus,Octopodidae,
534517,Octopus variolatus,Octopodidae,
527143,Muusoctopus bizikovi,Enteroctopodidae,
884005,Muusoctopus thielei,Enteroctopodidae,
534522,Eledone schultzei,Eledonidae,
342310,Euaxoctopus pillsburyae,Octopodidae,
342417,Vulcanoctopus hydrothermalis,Enteroctopodidae,
153073,Grimpoteuthis challengeri,Grimpoteuthidae,
457615,Octopus gorgonus,Octopodidae,
140653,Opisthoteuthis grimaldii,Opisthoteuthidae,
534563,Amphioctopus robsoni,Octopodidae,
342079,Grimpoteuthis abyssicola,Grimpoteuthidae,
342102,Opisthoteuthis robsoni,Opisthoteuthidae,
342082,Grimpoteuthis bathynectes,Grimpoteuthidae,
153093,Grimpoteuthis boylei,Grimpoteuthidae,
342091,Opisthoteuthis borealis,Opisthoteuthidae,
410387,Opisthoteuthis bruuni,Opisthoteuthidae,
